(no author) = Codehaus infra <support@codehaus.org>
sdevijver = Steven Devijver <support@codehaus.org>
markcc = Mark CC <support@codehaus.org>
joe = Joe <support@codehaus.org>
ajtarter = Aaron J Tarter <support@codehaus.org>
liddon = Lidia Donajczyk-Lipinska <support@codehaus.org>
surffan = Michael Klenk <surffan@gmx.ch>
davekerber = Dave Kerber <support@codehaus.org>
jervin = James Ervin <jeervin@gmail.com>
cliff76 = Unknown <support@codehaus.org>
emp = Unknown <support@codehaus.org>
jshickey = Scott Hickey <jshickey@yahoo.com>
HamletDRC = Hamlet D'Arcy <hamletdrc@gmail.com>
aalmiray = Andres Almiray <aalmiray@gmail.com>
ait = Alex Tkachman <alex.tkachman@gmail.com>
alang = Alan Green <alan.green@cardboard.nu>
blackdrag = Jochen Theodorou <blackdrag@gmx.org>
bob = Boc McWhirter <bob@codehaus.org>
bran = Bing Ran <bran@ccniit.com>
brownj = Jeff Brown <jeff@jeffandbetsy.net>
ckl = Christiaan ten Klooster <ckl@dacelo.nl>
cpoirier = Chris Poirier <cpoirier@gmail.com>
cstein = Christian Stein <sormuras@gmx.de>
dcontrol = Damage Control <support@codehaus.org>
dierk = Dierk Koenig <dierk.koenig@canoo.com>
fraz = Franck Rasolo <franck.rasolo@gmail.com>
galleon = Guillaume Alleon <guillaume.alleon@gmail.com>
glaforge = Guillaume Laforge <glaforge@gmail.com>
goetze = Steve Goetze <goetze@dovetail.com>
graeme = Graeme Rocher <grocher@vmware.com>
hamletdrc = Hamlet D'Arcy <hamletdrc@gmail.com>
hmeling = Hein Meling <hein.meling@uis.no>
jbaumann = Joachim Baumann <joachim.baumann@xinaris.de>
jez = Jeremy Rayner <jeremy.rayner@gmail.com>
jimwhite = Jim White <jim@pagesmiths.com>
jrose = John Rose <john.r.rose@oracle.com>
jstrachan = James Strachan <jastrachan@mac.com>
jstump = John Stump <johnstump2@yahoo.com>
jwill = James Williams <james.l.williams@gmail.com>
kasper = Kasper Nielsen <kasper@codehaus.org>
mcspanky = Martin C. Martin <martin@martincmartin.com>
melix = Cedric Champeau <cedric.champeau@gmail.com>
mguillem = Marc Guillemot <mguillemot@yahoo.fr>
mkempf = Martin Kempf <mkempf@hsr.ch>
paulk = Paul King <paulk@asert.com.au>
phk = Pilho Kim <phkim@cluecom.co.kr>
pniederw = Peter Niederwieser <pniederw@gmail.com>
popescu = Alexandru Popescu <alexander.popescu@gmail.com>
rinkrank = Aslak Hellesoy <aslak.hellesoy@gmail.com>
roshandawrani = Roshan Dawrani <roshandawrani@gmail.com>
russel = Russel Winder <russel@russel.org.uk>
shemnon = Danno Ferrin <danno.ferrin@shemnon.com>
spullara = Sam Pullara <sam@sampullara.com>
sstirling = Scott Stirling <scottstirling@gmail.com>
tomstrummer = Thom Nichols <tmnichols@gmail.com>
tug = John Wilson <tug@wilson.co.uk>
user57 = Jason Dillon <jason.dillon@gmail.com>
vmatters = Vladimir Vivien <vladimir.vivien@gmail.com>
werdna = Andrew Eisenberg <andrew@eisenberg.as>
yuri = Yuri Schimke <yuri.schimke@gmail.com>
zohar = Zohar Melamed <zohar.melamed@gmail.com>
